account_id,customer_id,type,subtype,balances_available,balances_current,balances_limit,iso_currency_code,holder_category
ACC-CUST000001-CREDIT_CARD-1,CUST000001,credit,credit card,,1848.92,17500.0,USD,consumer
ACC-CUST000001-CHECKING-2,CUST000001,depository,checking,6035.42,6035.42,,USD,consumer
ACC-CUST000001-CHECKING-3,CUST000001,depository,checking,1404.36,1404.36,,USD,consumer
ACC-CUST000002-CHECKING-1,CUST000002,depository,checking,8987.85,8987.85,,USD,consumer
ACC-CUST000002-CREDIT_CARD-2,CUST000002,credit,credit card,,4331.87,19500.0,USD,consumer
ACC-CUST000002-CHECKING-3,CUST000002,depository,checking,3417.59,3417.59,,USD,consumer
ACC-CUST000002-CHECKING-4,CUST000002,depository,checking,2984.39,2984.39,,USD,consumer
ACC-CUST000003-CHECKING-1,CUST000003,depository,checking,3732.5,3732.5,,USD,consumer
ACC-CUST000003-CREDIT_CARD-2,CUST000003,credit,credit card,,6017.41,13000.0,USD,consumer
ACC-CUST000003-CHECKING-3,CUST000003,depository,checking,3141.63,3141.63,,USD,consumer
ACC-CUST000003-CHECKING-4,CUST000003,depository,checking,9240.47,9240.47,,USD,consumer
ACC-CUST000004-CHECKING-1,CUST000004,depository,checking,4978.07,4978.07,,USD,consumer
ACC-CUST000004-CREDIT_CARD-2,CUST000004,credit,credit card,,9441.04,19000.0,USD,consumer
ACC-CUST000005-CREDIT_CARD-1,CUST000005,credit,credit card,,4232.64,17500.0,USD,consumer
ACC-CUST000005-CHECKING-2,CUST000005,depository,checking,4831.63,4831.63,,USD,consumer
ACC-CUST000005-CHECKING-3,CUST000005,depository,checking,5824.31,5824.31,,USD,consumer
ACC-CUST000006-CREDIT_CARD-1,CUST000006,credit,credit card,,8456.63,17000.0,USD,consumer
ACC-CUST000006-CHECKING-2,CUST000006,depository,checking,1955.17,1955.17,,USD,consumer
ACC-CUST000006-CHECKING-3,CUST000006,depository,checking,8950.63,8950.63,,USD,consumer
ACC-CUST000007-CREDIT_CARD-1,CUST000007,credit,credit card,,6283.52,12500.0,USD,consumer
ACC-CUST000007-CHECKING-2,CUST000007,depository,checking,3584.33,3584.33,,USD,consumer
ACC-CUST000008-CREDIT_CARD-1,CUST000008,credit,credit card,,8972.15,18500.0,USD,consumer
ACC-CUST000008-CHECKING-2,CUST000008,depository,checking,1527.12,1527.12,,USD,consumer
ACC-CUST000008-CHECKING-3,CUST000008,depository,checking,3268.18,3268.18,,USD,consumer
ACC-CUST000009-CHECKING-1,CUST000009,depository,checking,3679.83,3679.83,,USD,consumer
ACC-CUST000009-CREDIT_CARD-2,CUST000009,credit,credit card,,1357.34,16000.0,USD,consumer
ACC-CUST000009-CHECKING-3,CUST000009,depository,checking,1103.06,1103.06,,USD,consumer
ACC-CUST000009-CHECKING-4,CUST000009,depository,checking,6756.47,6756.47,,USD,consumer
ACC-CUST000010-CREDIT_CARD-1,CUST000010,credit,credit card,,6716.67,13500.0,USD,consumer
ACC-CUST000010-CHECKING-2,CUST000010,depository,checking,8597.78,8597.78,,USD,consumer
ACC-CUST000011-CREDIT_CARD-1,CUST000011,credit,credit card,,7883.39,20000.0,USD,consumer
ACC-CUST000011-CHECKING-2,CUST000011,depository,checking,5598.16,5598.16,,USD,consumer
ACC-CUST000012-CREDIT_CARD-1,CUST000012,credit,credit card,,2271.29,5500.0,USD,consumer
ACC-CUST000012-CHECKING-2,CUST000012,depository,checking,7842.69,7842.69,,USD,consumer
ACC-CUST000013-CHECKING-1,CUST000013,depository,checking,4796.5,4796.5,,USD,consumer
ACC-CUST000013-CREDIT_CARD-2,CUST000013,credit,credit card,,9440.74,20000.0,USD,consumer
ACC-CUST000013-CHECKING-3,CUST000013,depository,checking,9230.47,9230.47,,USD,consumer
ACC-CUST000013-CHECKING-4,CUST000013,depository,checking,3998.33,3998.33,,USD,consumer
ACC-CUST000014-CHECKING-1,CUST000014,depository,checking,372.57,372.57,,USD,consumer
ACC-CUST000014-CREDIT_CARD-2,CUST000014,credit,credit card,,3161.99,16500.0,USD,consumer
ACC-CUST000014-CHECKING-3,CUST000014,depository,checking,412.08,412.08,,USD,consumer
ACC-CUST000014-CHECKING-4,CUST000014,depository,checking,8481.73,8481.73,,USD,consumer
ACC-CUST000015-CHECKING-1,CUST000015,depository,checking,6611.75,6611.75,,USD,consumer
ACC-CUST000015-CREDIT_CARD-2,CUST000015,credit,credit card,,7739.76,20000.0,USD,consumer
ACC-CUST000015-CHECKING-3,CUST000015,depository,checking,5271.68,5271.68,,USD,consumer
ACC-CUST000015-CHECKING-4,CUST000015,depository,checking,7716.86,7716.86,,USD,consumer
ACC-CUST000016-CHECKING-1,CUST000016,depository,checking,5593.54,5593.54,,USD,consumer
ACC-CUST000016-CREDIT_CARD-2,CUST000016,credit,credit card,,6061.38,18000.0,USD,consumer
ACC-CUST000016-CHECKING-3,CUST000016,depository,checking,4425.85,4425.85,,USD,consumer
ACC-CUST000016-CHECKING-4,CUST000016,depository,checking,384.53,384.53,,USD,consumer
ACC-CUST000017-CHECKING-1,CUST000017,depository,checking,6778.44,6778.44,,USD,consumer
ACC-CUST000017-CREDIT_CARD-2,CUST000017,credit,credit card,,1452.19,19000.0,USD,consumer
ACC-CUST000017-CHECKING-3,CUST000017,depository,checking,5023.88,5023.88,,USD,consumer
ACC-CUST000017-CHECKING-4,CUST000017,depository,checking,5263.76,5263.76,,USD,consumer
ACC-CUST000018-CHECKING-1,CUST000018,depository,checking,9128.25,9128.25,,USD,consumer
ACC-CUST000018-CREDIT_CARD-2,CUST000018,credit,credit card,,3254.06,18500.0,USD,consumer
ACC-CUST000018-CHECKING-3,CUST000018,depository,checking,4851.31,4851.31,,USD,consumer
ACC-CUST000018-CHECKING-4,CUST000018,depository,checking,2968.26,2968.26,,USD,consumer
ACC-CUST000019-CHECKING-1,CUST000019,depository,checking,3881.4,3881.4,,USD,consumer
ACC-CUST000019-CREDIT_CARD-2,CUST000019,credit,credit card,,5839.76,15500.0,USD,consumer
ACC-CUST000019-CHECKING-3,CUST000019,depository,checking,5254.53,5254.53,,USD,consumer
ACC-CUST000019-CHECKING-4,CUST000019,depository,checking,3438.26,3438.26,,USD,consumer
ACC-CUST000020-CHECKING-1,CUST000020,depository,checking,3409.73,3409.73,,USD,consumer
ACC-CUST000020-CREDIT_CARD-2,CUST000020,credit,credit card,,857.17,14000.0,USD,consumer
ACC-CUST000020-CHECKING-3,CUST000020,depository,checking,3736.52,3736.52,,USD,consumer
ACC-CUST000020-CHECKING-4,CUST000020,depository,checking,6504.04,6504.04,,USD,consumer
ACC-CUST000021-CREDIT_CARD-1,CUST000021,credit,credit card,,2696.62,12500.0,USD,consumer
ACC-CUST000021-CHECKING-2,CUST000021,depository,checking,1523.77,1523.77,,USD,consumer
ACC-CUST000022-CHECKING-1,CUST000022,depository,checking,1131.43,1131.43,,USD,consumer
ACC-CUST000022-CREDIT_CARD-2,CUST000022,credit,credit card,,2324.02,19500.0,USD,consumer
ACC-CUST000022-CHECKING-3,CUST000022,depository,checking,5897.35,5897.35,,USD,consumer
ACC-CUST000022-CHECKING-4,CUST000022,depository,checking,7795.5,7795.5,,USD,consumer
ACC-CUST000023-CREDIT_CARD-1,CUST000023,credit,credit card,,3075.87,6000.0,USD,consumer
ACC-CUST000023-CHECKING-2,CUST000023,depository,checking,7010.88,7010.88,,USD,consumer
ACC-CUST000024-CHECKING-1,CUST000024,depository,checking,9234.96,9234.96,,USD,consumer
ACC-CUST000024-CREDIT_CARD-2,CUST000024,credit,credit card,,2343.78,19500.0,USD,consumer
ACC-CUST000024-CHECKING-3,CUST000024,depository,checking,3523.98,3523.98,,USD,consumer
ACC-CUST000024-CHECKING-4,CUST000024,depository,checking,328.73,328.73,,USD,consumer
ACC-CUST000025-CREDIT_CARD-1,CUST000025,credit,credit card,,6562.87,13000.0,USD,consumer
ACC-CUST000026-CHECKING-1,CUST000026,depository,checking,5566.83,5566.83,,USD,consumer
ACC-CUST000026-CREDIT_CARD-2,CUST000026,credit,credit card,,1784.27,19500.0,USD,consumer
ACC-CUST000026-CHECKING-3,CUST000026,depository,checking,971.9,971.9,,USD,consumer
ACC-CUST000026-CHECKING-4,CUST000026,depository,checking,4116.25,4116.25,,USD,consumer
ACC-CUST000027-CREDIT_CARD-1,CUST000027,credit,credit card,,775.16,8500.0,USD,consumer
ACC-CUST000027-CHECKING-2,CUST000027,depository,checking,1215.64,1215.64,,USD,consumer
ACC-CUST000028-CREDIT_CARD-1,CUST000028,credit,credit card,,7413.14,17500.0,USD,consumer
ACC-CUST000028-CHECKING-2,CUST000028,depository,checking,9684.19,9684.19,,USD,consumer
ACC-CUST000028-CHECKING-3,CUST000028,depository,checking,6773.14,6773.14,,USD,consumer
ACC-CUST000029-CHECKING-1,CUST000029,depository,checking,3644.37,3644.37,,USD,consumer
ACC-CUST000029-CREDIT_CARD-2,CUST000029,credit,credit card,,8503.34,20000.0,USD,consumer
ACC-CUST000029-CHECKING-3,CUST000029,depository,checking,6417.19,6417.19,,USD,consumer
ACC-CUST000029-CHECKING-4,CUST000029,depository,checking,9848.23,9848.23,,USD,consumer
ACC-CUST000030-CREDIT_CARD-1,CUST000030,credit,credit card,,4670.84,19000.0,USD,consumer
ACC-CUST000030-CHECKING-2,CUST000030,depository,checking,6869.23,6869.23,,USD,consumer
ACC-CUST000030-CHECKING-3,CUST000030,depository,checking,4996.98,4996.98,,USD,consumer
ACC-CUST000031-CHECKING-1,CUST000031,depository,checking,9133.33,9133.33,,USD,consumer
ACC-CUST000031-CREDIT_CARD-2,CUST000031,credit,credit card,,6105.53,20000.0,USD,consumer
ACC-CUST000031-CHECKING-3,CUST000031,depository,checking,248.82,248.82,,USD,consumer
ACC-CUST000031-CHECKING-4,CUST000031,depository,checking,4583.69,4583.69,,USD,consumer
ACC-CUST000032-CREDIT_CARD-1,CUST000032,credit,credit card,,3399.16,20000.0,USD,consumer
ACC-CUST000032-CHECKING-2,CUST000032,depository,checking,6948.26,6948.26,,USD,consumer
ACC-CUST000032-CHECKING-3,CUST000032,depository,checking,381.55,381.55,,USD,consumer
ACC-CUST000034-CHECKING-1,CUST000034,depository,checking,1586.63,1586.63,,USD,consumer
ACC-CUST000034-CREDIT_CARD-2,CUST000034,credit,credit card,,240.1,17000.0,USD,consumer
ACC-CUST000034-CHECKING-3,CUST000034,depository,checking,424.54,424.54,,USD,consumer
ACC-CUST000034-CHECKING-4,CUST000034,depository,checking,9928.12,9928.12,,USD,consumer
ACC-CUST000035-CHECKING-1,CUST000035,depository,checking,4845.71,4845.71,,USD,consumer
ACC-CUST000035-CREDIT_CARD-2,CUST000035,credit,credit card,,1412.78,19500.0,USD,consumer
ACC-CUST000035-CHECKING-3,CUST000035,depository,checking,280.0,280.0,,USD,consumer
ACC-CUST000035-CHECKING-4,CUST000035,depository,checking,4293.59,4293.59,,USD,consumer
ACC-CUST000036-CHECKING-1,CUST000036,depository,checking,5348.53,5348.53,,USD,consumer
ACC-CUST000036-CREDIT_CARD-2,CUST000036,credit,credit card,,5344.76,20000.0,USD,consumer
ACC-CUST000036-CHECKING-3,CUST000036,depository,checking,7812.28,7812.28,,USD,consumer
ACC-CUST000036-CHECKING-4,CUST000036,depository,checking,7214.14,7214.14,,USD,consumer
ACC-CUST000037-CREDIT_CARD-1,CUST000037,credit,credit card,,8288.27,16500.0,USD,consumer
ACC-CUST000037-CHECKING-2,CUST000037,depository,checking,7707.6,7707.6,,USD,consumer
ACC-CUST000037-CHECKING-3,CUST000037,depository,checking,5986.3,5986.3,,USD,consumer
ACC-CUST000038-CREDIT_CARD-1,CUST000038,credit,credit card,,778.5,11500.0,USD,consumer
ACC-CUST000038-CHECKING-2,CUST000038,depository,checking,729.98,729.98,,USD,consumer
ACC-CUST000039-CHECKING-1,CUST000039,depository,checking,3318.41,3318.41,,USD,consumer
ACC-CUST000039-CREDIT_CARD-2,CUST000039,credit,credit card,,6105.2,18500.0,USD,consumer
ACC-CUST000039-CHECKING-3,CUST000039,depository,checking,1769.4,1769.4,,USD,consumer
ACC-CUST000039-CHECKING-4,CUST000039,depository,checking,2446.89,2446.89,,USD,consumer
ACC-CUST000040-CHECKING-1,CUST000040,depository,checking,9407.08,9407.08,,USD,consumer
ACC-CUST000040-CREDIT_CARD-2,CUST000040,credit,credit card,,8073.11,16000.0,USD,consumer
ACC-CUST000040-CHECKING-3,CUST000040,depository,checking,3241.91,3241.91,,USD,consumer
ACC-CUST000040-CHECKING-4,CUST000040,depository,checking,3356.44,3356.44,,USD,consumer
ACC-CUST000041-CREDIT_CARD-1,CUST000041,credit,credit card,,8626.25,17500.0,USD,consumer
ACC-CUST000041-CHECKING-2,CUST000041,depository,checking,2818.82,2818.82,,USD,consumer
ACC-CUST000041-CHECKING-3,CUST000041,depository,checking,6351.45,6351.45,,USD,consumer
ACC-CUST000042-CREDIT_CARD-1,CUST000042,credit,credit card,,9705.59,19500.0,USD,consumer
ACC-CUST000043-CREDIT_CARD-1,CUST000043,credit,credit card,,1657.69,5000.0,USD,consumer
ACC-CUST000043-CHECKING-2,CUST000043,depository,checking,3508.22,3508.22,,USD,consumer
ACC-CUST000044-CHECKING-1,CUST000044,depository,checking,6287.64,6287.64,,USD,consumer
ACC-CUST000044-CREDIT_CARD-2,CUST000044,credit,credit card,,7247.74,20000.0,USD,consumer
ACC-CUST000044-CHECKING-3,CUST000044,depository,checking,789.92,789.92,,USD,consumer
ACC-CUST000044-CHECKING-4,CUST000044,depository,checking,5713.07,5713.07,,USD,consumer
ACC-CUST000045-CREDIT_CARD-1,CUST000045,credit,credit card,,6268.66,20000.0,USD,consumer
ACC-CUST000045-CHECKING-2,CUST000045,depository,checking,1960.0,1960.0,,USD,consumer
ACC-CUST000045-CHECKING-3,CUST000045,depository,checking,6102.76,6102.76,,USD,consumer
ACC-CUST000046-CHECKING-1,CUST000046,depository,checking,9543.65,9543.65,,USD,consumer
ACC-CUST000046-CREDIT_CARD-2,CUST000046,credit,credit card,,6504.92,20000.0,USD,consumer
ACC-CUST000046-CHECKING-3,CUST000046,depository,checking,9063.38,9063.38,,USD,consumer
ACC-CUST000046-CHECKING-4,CUST000046,depository,checking,158.97,158.97,,USD,consumer
ACC-CUST000047-CREDIT_CARD-1,CUST000047,credit,credit card,,8095.19,16000.0,USD,consumer
ACC-CUST000047-CHECKING-2,CUST000047,depository,checking,8043.51,8043.51,,USD,consumer
ACC-CUST000048-CHECKING-1,CUST000048,depository,checking,4391.71,4391.71,,USD,consumer
ACC-CUST000048-CREDIT_CARD-2,CUST000048,credit,credit card,,9194.35,18500.0,USD,consumer
ACC-CUST000048-CHECKING-3,CUST000048,depository,checking,9896.43,9896.43,,USD,consumer
ACC-CUST000048-CHECKING-4,CUST000048,depository,checking,1416.8,1416.8,,USD,consumer
ACC-CUST000049-CREDIT_CARD-1,CUST000049,credit,credit card,,3216.45,18000.0,USD,consumer
ACC-CUST000049-CHECKING-2,CUST000049,depository,checking,4449.09,4449.09,,USD,consumer
ACC-CUST000050-CHECKING-1,CUST000050,depository,checking,8138.61,8138.61,,USD,consumer
ACC-CUST000050-CREDIT_CARD-2,CUST000050,credit,credit card,,4752.27,11500.0,USD,consumer
ACC-CUST000050-CHECKING-3,CUST000050,depository,checking,8385.86,8385.86,,USD,consumer
ACC-CUST000050-CHECKING-4,CUST000050,depository,checking,6928.65,6928.65,,USD,consumer
ACC-CUST000051-CHECKING-1,CUST000051,depository,checking,8497.03,8497.03,,USD,consumer
ACC-CUST000051-CREDIT_CARD-2,CUST000051,credit,credit card,,1672.98,19000.0,USD,consumer
ACC-CUST000051-CHECKING-3,CUST000051,depository,checking,7108.57,7108.57,,USD,consumer
ACC-CUST000051-CHECKING-4,CUST000051,depository,checking,3817.71,3817.71,,USD,consumer
ACC-CUST000052-CREDIT_CARD-1,CUST000052,credit,credit card,,5015.35,18500.0,USD,consumer
ACC-CUST000052-CHECKING-2,CUST000052,depository,checking,3740.32,3740.32,,USD,consumer
ACC-CUST000052-CHECKING-3,CUST000052,depository,checking,2247.4,2247.4,,USD,consumer
ACC-CUST000053-CHECKING-1,CUST000053,depository,checking,9655.87,9655.87,,USD,consumer
ACC-CUST000053-CHECKING-2,CUST000053,depository,checking,1667.91,1667.91,,USD,consumer
ACC-CUST000053-CHECKING-3,CUST000053,depository,checking,9085.32,9085.32,,USD,consumer
ACC-CUST000054-CHECKING-1,CUST000054,depository,checking,3723.76,3723.76,,USD,consumer
ACC-CUST000054-CREDIT_CARD-2,CUST000054,credit,credit card,,706.28,18500.0,USD,consumer
ACC-CUST000054-CHECKING-3,CUST000054,depository,checking,8357.35,8357.35,,USD,consumer
ACC-CUST000054-CHECKING-4,CUST000054,depository,checking,5602.77,5602.77,,USD,consumer
ACC-CUST000055-CREDIT_CARD-1,CUST000055,credit,credit card,,1174.68,19500.0,USD,consumer
ACC-CUST000055-CHECKING-2,CUST000055,depository,checking,418.76,418.76,,USD,consumer
ACC-CUST000055-CHECKING-3,CUST000055,depository,checking,4566.37,4566.37,,USD,consumer
ACC-CUST000056-CHECKING-1,CUST000056,depository,checking,8288.19,8288.19,,USD,consumer
ACC-CUST000056-CREDIT_CARD-2,CUST000056,credit,credit card,,1582.14,20000.0,USD,consumer
ACC-CUST000056-CHECKING-3,CUST000056,depository,checking,7773.0,7773.0,,USD,consumer
ACC-CUST000056-CHECKING-4,CUST000056,depository,checking,805.78,805.78,,USD,consumer
ACC-CUST000057-CREDIT_CARD-1,CUST000057,credit,credit card,,9656.47,19500.0,USD,consumer
ACC-CUST000057-CHECKING-2,CUST000057,depository,checking,9093.33,9093.33,,USD,consumer
ACC-CUST000058-CHECKING-1,CUST000058,depository,checking,9054.03,9054.03,,USD,consumer
ACC-CUST000058-CREDIT_CARD-2,CUST000058,credit,credit card,,6123.13,19500.0,USD,consumer
ACC-CUST000058-CHECKING-3,CUST000058,depository,checking,7804.05,7804.05,,USD,consumer
ACC-CUST000058-CHECKING-4,CUST000058,depository,checking,4481.86,4481.86,,USD,consumer
ACC-CUST000059-CREDIT_CARD-1,CUST000059,credit,credit card,,1788.52,10500.0,USD,consumer
ACC-CUST000059-CHECKING-2,CUST000059,depository,checking,1047.72,1047.72,,USD,consumer
ACC-CUST000059-CHECKING-3,CUST000059,depository,checking,1966.89,1966.89,,USD,consumer
ACC-CUST000060-CREDIT_CARD-1,CUST000060,credit,credit card,,3760.27,13500.0,USD,consumer
ACC-CUST000060-CHECKING-2,CUST000060,depository,checking,3484.03,3484.03,,USD,consumer
ACC-CUST000060-CHECKING-3,CUST000060,depository,checking,9104.87,9104.87,,USD,consumer
ACC-CUST000062-CREDIT_CARD-1,CUST000062,credit,credit card,,636.29,1500.0,USD,consumer
ACC-CUST000062-CHECKING-2,CUST000062,depository,checking,2473.96,2473.96,,USD,consumer
ACC-CUST000063-CREDIT_CARD-1,CUST000063,credit,credit card,,9465.11,19000.0,USD,consumer
ACC-CUST000063-CHECKING-2,CUST000063,depository,checking,4544.45,4544.45,,USD,consumer
ACC-CUST000064-CREDIT_CARD-1,CUST000064,credit,credit card,,343.07,19500.0,USD,consumer
ACC-CUST000064-CHECKING-2,CUST000064,depository,checking,1401.72,1401.72,,USD,consumer
ACC-CUST000065-CREDIT_CARD-1,CUST000065,credit,credit card,,4502.65,9000.0,USD,consumer
ACC-CUST000065-CHECKING-2,CUST000065,depository,checking,745.55,745.55,,USD,consumer
ACC-CUST000066-CREDIT_CARD-1,CUST000066,credit,credit card,,3186.98,17500.0,USD,consumer
ACC-CUST000066-CHECKING-2,CUST000066,depository,checking,2061.53,2061.53,,USD,consumer
ACC-CUST000066-CHECKING-3,CUST000066,depository,checking,4500.8,4500.8,,USD,consumer
ACC-CUST000068-CHECKING-1,CUST000068,depository,checking,6367.73,6367.73,,USD,consumer
ACC-CUST000068-CREDIT_CARD-2,CUST000068,credit,credit card,,3032.46,19500.0,USD,consumer
ACC-CUST000068-CHECKING-3,CUST000068,depository,checking,5675.47,5675.47,,USD,consumer
ACC-CUST000068-CHECKING-4,CUST000068,depository,checking,9323.71,9323.71,,USD,consumer
ACC-CUST000069-CREDIT_CARD-1,CUST000069,credit,credit card,,2531.96,17000.0,USD,consumer
ACC-CUST000069-CHECKING-2,CUST000069,depository,checking,3022.04,3022.04,,USD,consumer
ACC-CUST000070-CHECKING-1,CUST000070,depository,checking,9287.16,9287.16,,USD,consumer
ACC-CUST000070-CREDIT_CARD-2,CUST000070,credit,credit card,,3822.0,17500.0,USD,consumer
ACC-CUST000070-CHECKING-3,CUST000070,depository,checking,1297.7,1297.7,,USD,consumer
ACC-CUST000070-CHECKING-4,CUST000070,depository,checking,3139.78,3139.78,,USD,consumer
ACC-CUST000071-CHECKING-1,CUST000071,depository,checking,7535.2,7535.2,,USD,consumer
ACC-CUST000071-CREDIT_CARD-2,CUST000071,credit,credit card,,1660.5,20000.0,USD,consumer
ACC-CUST000071-CHECKING-3,CUST000071,depository,checking,2451.75,2451.75,,USD,consumer
ACC-CUST000071-CHECKING-4,CUST000071,depository,checking,8096.85,8096.85,,USD,consumer
ACC-CUST000072-CHECKING-1,CUST000072,depository,checking,1361.66,1361.66,,USD,consumer
ACC-CUST000072-CREDIT_CARD-2,CUST000072,credit,credit card,,7608.51,15000.0,USD,consumer
ACC-CUST000072-CHECKING-3,CUST000072,depository,checking,3239.69,3239.69,,USD,consumer
ACC-CUST000072-CHECKING-4,CUST000072,depository,checking,5003.05,5003.05,,USD,consumer
ACC-CUST000073-CHECKING-1,CUST000073,depository,checking,9674.78,9674.78,,USD,consumer
ACC-CUST000073-CREDIT_CARD-2,CUST000073,credit,credit card,,9360.93,19500.0,USD,consumer
ACC-CUST000073-CHECKING-3,CUST000073,depository,checking,467.02,467.02,,USD,consumer
ACC-CUST000073-CHECKING-4,CUST000073,depository,checking,776.5,776.5,,USD,consumer
ACC-CUST000074-CREDIT_CARD-1,CUST000074,credit,credit card,,9698.3,19500.0,USD,consumer
ACC-CUST000075-CHECKING-1,CUST000075,depository,checking,859.0,859.0,,USD,consumer
ACC-CUST000075-CREDIT_CARD-2,CUST000075,credit,credit card,,1381.37,19500.0,USD,consumer
ACC-CUST000075-CHECKING-3,CUST000075,depository,checking,2693.78,2693.78,,USD,consumer
ACC-CUST000075-CHECKING-4,CUST000075,depository,checking,6422.17,6422.17,,USD,consumer
ACC-CUST000076-CHECKING-1,CUST000076,depository,checking,5277.34,5277.34,,USD,consumer
ACC-CUST000076-CREDIT_CARD-2,CUST000076,credit,credit card,,5696.57,16500.0,USD,consumer
ACC-CUST000076-CHECKING-3,CUST000076,depository,checking,8285.13,8285.13,,USD,consumer
ACC-CUST000076-CHECKING-4,CUST000076,depository,checking,8939.9,8939.9,,USD,consumer
ACC-CUST000078-CREDIT_CARD-1,CUST000078,credit,credit card,,1653.73,19500.0,USD,consumer
ACC-CUST000078-CHECKING-2,CUST000078,depository,checking,6729.57,6729.57,,USD,consumer
ACC-CUST000078-CHECKING-3,CUST000078,depository,checking,9158.77,9158.77,,USD,consumer
ACC-CUST000079-CREDIT_CARD-1,CUST000079,credit,credit card,,9776.82,19500.0,USD,consumer
ACC-CUST000079-CHECKING-2,CUST000079,depository,checking,4292.82,4292.82,,USD,consumer
ACC-CUST000079-CHECKING-3,CUST000079,depository,checking,210.57,210.57,,USD,consumer
ACC-CUST000080-CREDIT_CARD-1,CUST000080,credit,credit card,,9269.5,19500.0,USD,consumer
ACC-CUST000080-CHECKING-2,CUST000080,depository,checking,8366.12,8366.12,,USD,consumer
ACC-CUST000080-CHECKING-3,CUST000080,depository,checking,4004.44,4004.44,,USD,consumer
ACC-CUST000081-CREDIT_CARD-1,CUST000081,credit,credit card,,6678.67,19500.0,USD,consumer
ACC-CUST000081-CHECKING-2,CUST000081,depository,checking,8810.7,8810.7,,USD,consumer
ACC-CUST000081-CHECKING-3,CUST000081,depository,checking,7526.33,7526.33,,USD,consumer
ACC-CUST000082-CHECKING-1,CUST000082,depository,checking,1911.16,1911.16,,USD,consumer
ACC-CUST000082-CREDIT_CARD-2,CUST000082,credit,credit card,,779.67,18500.0,USD,consumer
ACC-CUST000082-CHECKING-3,CUST000082,depository,checking,7145.49,7145.49,,USD,consumer
ACC-CUST000082-CHECKING-4,CUST000082,depository,checking,4578.67,4578.67,,USD,consumer
ACC-CUST000083-CHECKING-1,CUST000083,depository,checking,6935.74,6935.74,,USD,consumer
ACC-CUST000083-CREDIT_CARD-2,CUST000083,credit,credit card,,8287.73,18000.0,USD,consumer
ACC-CUST000083-CHECKING-3,CUST000083,depository,checking,5821.14,5821.14,,USD,consumer
ACC-CUST000083-CHECKING-4,CUST000083,depository,checking,4982.25,4982.25,,USD,consumer
ACC-CUST000084-CHECKING-1,CUST000084,depository,checking,7221.08,7221.08,,USD,consumer
ACC-CUST000085-CREDIT_CARD-1,CUST000085,credit,credit card,,3124.53,17000.0,USD,consumer
ACC-CUST000085-CHECKING-2,CUST000085,depository,checking,4277.44,4277.44,,USD,consumer
ACC-CUST000085-CHECKING-3,CUST000085,depository,checking,8138.09,8138.09,,USD,consumer
ACC-CUST000087-CREDIT_CARD-1,CUST000087,credit,credit card,,7983.38,20000.0,USD,consumer
ACC-CUST000087-CHECKING-2,CUST000087,depository,checking,8048.99,8048.99,,USD,consumer
ACC-CUST000087-CHECKING-3,CUST000087,depository,checking,5244.25,5244.25,,USD,consumer
ACC-CUST000088-CREDIT_CARD-1,CUST000088,credit,credit card,,7846.91,15500.0,USD,consumer
ACC-CUST000088-CHECKING-2,CUST000088,depository,checking,4400.38,4400.38,,USD,consumer
ACC-CUST000088-CHECKING-3,CUST000088,depository,checking,4015.68,4015.68,,USD,consumer
ACC-CUST000089-CREDIT_CARD-1,CUST000089,credit,credit card,,2945.93,19500.0,USD,consumer
ACC-CUST000089-CHECKING-2,CUST000089,depository,checking,6046.16,6046.16,,USD,consumer
ACC-CUST000089-CHECKING-3,CUST000089,depository,checking,4994.03,4994.03,,USD,consumer
ACC-CUST000090-CREDIT_CARD-1,CUST000090,credit,credit card,,2846.57,5500.0,USD,consumer
ACC-CUST000090-CHECKING-2,CUST000090,depository,checking,5560.18,5560.18,,USD,consumer
ACC-CUST000090-CHECKING-3,CUST000090,depository,checking,8924.73,8924.73,,USD,consumer
ACC-CUST000091-CREDIT_CARD-1,CUST000091,credit,credit card,,4084.53,16500.0,USD,consumer
ACC-CUST000092-CREDIT_CARD-1,CUST000092,credit,credit card,,3922.75,20000.0,USD,consumer
ACC-CUST000092-CHECKING-2,CUST000092,depository,checking,2666.56,2666.56,,USD,consumer
ACC-CUST000092-CHECKING-3,CUST000092,depository,checking,3824.54,3824.54,,USD,consumer
ACC-CUST000093-CHECKING-1,CUST000093,depository,checking,4928.8,4928.8,,USD,consumer
ACC-CUST000093-CREDIT_CARD-2,CUST000093,credit,credit card,,7675.89,15500.0,USD,consumer
ACC-CUST000093-CHECKING-3,CUST000093,depository,checking,4686.56,4686.56,,USD,consumer
ACC-CUST000093-CHECKING-4,CUST000093,depository,checking,3873.63,3873.63,,USD,consumer
ACC-CUST000094-CREDIT_CARD-1,CUST000094,credit,credit card,,6970.11,19000.0,USD,consumer
ACC-CUST000094-CHECKING-2,CUST000094,depository,checking,5449.77,5449.77,,USD,consumer
ACC-CUST000094-CHECKING-3,CUST000094,depository,checking,8126.36,8126.36,,USD,consumer
ACC-CUST000095-CHECKING-1,CUST000095,depository,checking,9772.16,9772.16,,USD,consumer
ACC-CUST000095-CREDIT_CARD-2,CUST000095,credit,credit card,,579.13,14000.0,USD,consumer
ACC-CUST000095-CHECKING-3,CUST000095,depository,checking,4760.52,4760.52,,USD,consumer
ACC-CUST000095-CHECKING-4,CUST000095,depository,checking,8200.5,8200.5,,USD,consumer
ACC-CUST000096-CHECKING-1,CUST000096,depository,checking,2009.92,2009.92,,USD,consumer
ACC-CUST000096-CREDIT_CARD-2,CUST000096,credit,credit card,,8944.82,20000.0,USD,consumer
ACC-CUST000096-CHECKING-3,CUST000096,depository,checking,9305.83,9305.83,,USD,consumer
ACC-CUST000096-CHECKING-4,CUST000096,depository,checking,4831.27,4831.27,,USD,consumer
ACC-CUST000097-CREDIT_CARD-1,CUST000097,credit,credit card,,937.65,19000.0,USD,consumer
ACC-CUST000097-CHECKING-2,CUST000097,depository,checking,4515.68,4515.68,,USD,consumer
ACC-CUST000098-CHECKING-1,CUST000098,depository,checking,6157.27,6157.27,,USD,consumer
ACC-CUST000098-CREDIT_CARD-2,CUST000098,credit,credit card,,692.97,17000.0,USD,consumer
ACC-CUST000098-CHECKING-3,CUST000098,depository,checking,4538.22,4538.22,,USD,consumer
ACC-CUST000098-CHECKING-4,CUST000098,depository,checking,4315.07,4315.07,,USD,consumer
ACC-CUST000099-CREDIT_CARD-1,CUST000099,credit,credit card,,9203.13,19500.0,USD,consumer
ACC-CUST000099-CHECKING-2,CUST000099,depository,checking,8132.92,8132.92,,USD,consumer
ACC-CUST000099-CHECKING-3,CUST000099,depository,checking,868.69,868.69,,USD,consumer
ACC-CUST000101-CREDIT_CARD-1,CUST000101,credit,credit card,,8631.61,19000.0,USD,consumer
ACC-CUST000101-CHECKING-2,CUST000101,depository,checking,6277.93,6277.93,,USD,consumer
ACC-CUST000101-CHECKING-3,CUST000101,depository,checking,2591.47,2591.47,,USD,consumer
ACC-CUST000102-CHECKING-1,CUST000102,depository,checking,8343.09,8343.09,,USD,consumer
ACC-CUST000102-CREDIT_CARD-2,CUST000102,credit,credit card,,9837.62,19500.0,USD,consumer
ACC-CUST000102-CHECKING-3,CUST000102,depository,checking,5929.66,5929.66,,USD,consumer
ACC-CUST000103-CHECKING-1,CUST000103,depository,checking,3094.22,3094.22,,USD,consumer
ACC-CUST000104-CHECKING-1,CUST000104,depository,checking,8739.12,8739.12,,USD,consumer
ACC-CUST000104-CREDIT_CARD-2,CUST000104,credit,credit card,,7226.39,18500.0,USD,consumer
ACC-CUST000104-CHECKING-3,CUST000104,depository,checking,4861.48,4861.48,,USD,consumer
ACC-CUST000104-CHECKING-4,CUST000104,depository,checking,6127.4,6127.4,,USD,consumer
ACC-CUST000105-CHECKING-1,CUST000105,depository,checking,7590.68,7590.68,,USD,consumer
ACC-CUST000105-CREDIT_CARD-2,CUST000105,credit,credit card,,8445.12,19500.0,USD,consumer
ACC-CUST000105-CHECKING-3,CUST000105,depository,checking,3036.49,3036.49,,USD,consumer
ACC-CUST000105-CHECKING-4,CUST000105,depository,checking,7609.48,7609.48,,USD,consumer
ACC-CUST000106-CHECKING-1,CUST000106,depository,checking,164.11,164.11,,USD,consumer
ACC-CUST000106-CREDIT_CARD-2,CUST000106,credit,credit card,,566.32,19500.0,USD,consumer
ACC-CUST000106-CHECKING-3,CUST000106,depository,checking,5610.77,5610.77,,USD,consumer
ACC-CUST000106-CHECKING-4,CUST000106,depository,checking,2520.46,2520.46,,USD,consumer
ACC-CUST000108-CHECKING-1,CUST000108,depository,checking,541.65,541.65,,USD,consumer
ACC-CUST000108-CREDIT_CARD-2,CUST000108,credit,credit card,,4899.29,10000.0,USD,consumer
ACC-CUST000108-CHECKING-3,CUST000108,depository,checking,1335.11,1335.11,,USD,consumer
ACC-CUST000109-CREDIT_CARD-1,CUST000109,credit,credit card,,4689.38,18500.0,USD,consumer
ACC-CUST000109-CHECKING-2,CUST000109,depository,checking,7021.2,7021.2,,USD,consumer
ACC-CUST000109-CHECKING-3,CUST000109,depository,checking,442.21,442.21,,USD,consumer
ACC-CUST000110-CREDIT_CARD-1,CUST000110,credit,credit card,,3784.28,7500.0,USD,consumer
ACC-CUST000110-CHECKING-2,CUST000110,depository,checking,9445.53,9445.53,,USD,consumer
ACC-CUST000110-CHECKING-3,CUST000110,depository,checking,2039.97,2039.97,,USD,consumer
ACC-CUST000111-CHECKING-1,CUST000111,depository,checking,6762.83,6762.83,,USD,consumer
ACC-CUST000111-CREDIT_CARD-2,CUST000111,credit,credit card,,4196.87,18500.0,USD,consumer
ACC-CUST000111-CHECKING-3,CUST000111,depository,checking,5765.32,5765.32,,USD,consumer
ACC-CUST000111-CHECKING-4,CUST000111,depository,checking,2926.89,2926.89,,USD,consumer
ACC-CUST000112-CHECKING-1,CUST000112,depository,checking,3913.34,3913.34,,USD,consumer
ACC-CUST000112-CREDIT_CARD-2,CUST000112,credit,credit card,,8743.98,19500.0,USD,consumer
ACC-CUST000112-CHECKING-3,CUST000112,depository,checking,9772.72,9772.72,,USD,consumer
ACC-CUST000112-CHECKING-4,CUST000112,depository,checking,7856.68,7856.68,,USD,consumer
ACC-CUST000113-CHECKING-1,CUST000113,depository,checking,8806.53,8806.53,,USD,consumer
ACC-CUST000113-CREDIT_CARD-2,CUST000113,credit,credit card,,7076.07,19500.0,USD,consumer
ACC-CUST000113-CHECKING-3,CUST000113,depository,checking,3386.31,3386.31,,USD,consumer
ACC-CUST000113-CHECKING-4,CUST000113,depository,checking,9911.98,9911.98,,USD,consumer
ACC-CUST000115-CHECKING-1,CUST000115,depository,checking,6378.74,6378.74,,USD,consumer
ACC-CUST000115-CREDIT_CARD-2,CUST000115,credit,credit card,,1190.53,2500.0,USD,consumer
ACC-CUST000115-CHECKING-3,CUST000115,depository,checking,4829.08,4829.08,,USD,consumer
ACC-CUST000115-CHECKING-4,CUST000115,depository,checking,4390.13,4390.13,,USD,consumer
ACC-CUST000116-CHECKING-1,CUST000116,depository,checking,2906.9,2906.9,,USD,consumer
ACC-CUST000116-CREDIT_CARD-2,CUST000116,credit,credit card,,6172.55,19000.0,USD,consumer
ACC-CUST000116-CHECKING-3,CUST000116,depository,checking,4528.16,4528.16,,USD,consumer
ACC-CUST000116-CHECKING-4,CUST000116,depository,checking,6496.1,6496.1,,USD,consumer
ACC-CUST000117-CHECKING-1,CUST000117,depository,checking,1947.88,1947.88,,USD,consumer
ACC-CUST000117-CREDIT_CARD-2,CUST000117,credit,credit card,,4561.71,15500.0,USD,consumer
ACC-CUST000117-CHECKING-3,CUST000117,depository,checking,2747.62,2747.62,,USD,consumer
ACC-CUST000117-CHECKING-4,CUST000117,depository,checking,8623.56,8623.56,,USD,consumer
ACC-CUST000118-CHECKING-1,CUST000118,depository,checking,9305.16,9305.16,,USD,consumer
ACC-CUST000118-CREDIT_CARD-2,CUST000118,credit,credit card,,7229.88,19000.0,USD,consumer
ACC-CUST000118-CHECKING-3,CUST000118,depository,checking,6408.89,6408.89,,USD,consumer
ACC-CUST000118-CHECKING-4,CUST000118,depository,checking,9443.78,9443.78,,USD,consumer
ACC-CUST000120-CHECKING-1,CUST000120,depository,checking,2422.6,2422.6,,USD,consumer
ACC-CUST000120-CREDIT_CARD-2,CUST000120,credit,credit card,,1561.3,14500.0,USD,consumer
ACC-CUST000120-CHECKING-3,CUST000120,depository,checking,998.72,998.72,,USD,consumer
ACC-CUST000120-CHECKING-4,CUST000120,depository,checking,1041.55,1041.55,,USD,consumer
ACC-CUST000121-CREDIT_CARD-1,CUST000121,credit,credit card,,4723.44,14000.0,USD,consumer
ACC-CUST000121-CHECKING-2,CUST000121,depository,checking,8390.93,8390.93,,USD,consumer
ACC-CUST000121-CHECKING-3,CUST000121,depository,checking,8883.71,8883.71,,USD,consumer
ACC-CUST000122-CHECKING-1,CUST000122,depository,checking,1900.59,1900.59,,USD,consumer
ACC-CUST000123-CHECKING-1,CUST000123,depository,checking,312.64,312.64,,USD,consumer
ACC-CUST000123-CREDIT_CARD-2,CUST000123,credit,credit card,,4984.76,19500.0,USD,consumer
ACC-CUST000123-CHECKING-3,CUST000123,depository,checking,3725.58,3725.58,,USD,consumer
ACC-CUST000123-CHECKING-4,CUST000123,depository,checking,4708.92,4708.92,,USD,consumer
ACC-CUST000124-CHECKING-1,CUST000124,depository,checking,3057.12,3057.12,,USD,consumer
ACC-CUST000124-CREDIT_CARD-2,CUST000124,credit,credit card,,8142.96,18500.0,USD,consumer
ACC-CUST000124-CHECKING-3,CUST000124,depository,checking,9262.55,9262.55,,USD,consumer
ACC-CUST000124-CHECKING-4,CUST000124,depository,checking,2026.11,2026.11,,USD,consumer
ACC-CUST000125-CHECKING-1,CUST000125,depository,checking,3219.96,3219.96,,USD,consumer
ACC-CUST000125-CREDIT_CARD-2,CUST000125,credit,credit card,,7572.61,16000.0,USD,consumer
ACC-CUST000125-CHECKING-3,CUST000125,depository,checking,618.0,618.0,,USD,consumer
ACC-CUST000125-CHECKING-4,CUST000125,depository,checking,9804.76,9804.76,,USD,consumer
ACC-CUST000126-CREDIT_CARD-1,CUST000126,credit,credit card,,1049.03,16500.0,USD,consumer
ACC-CUST000126-CHECKING-2,CUST000126,depository,checking,8441.77,8441.77,,USD,consumer
ACC-CUST000127-CHECKING-1,CUST000127,depository,checking,8044.64,8044.64,,USD,consumer
ACC-CUST000127-CREDIT_CARD-2,CUST000127,credit,credit card,,2893.48,20000.0,USD,consumer
ACC-CUST000127-CHECKING-3,CUST000127,depository,checking,348.67,348.67,,USD,consumer
ACC-CUST000127-CHECKING-4,CUST000127,depository,checking,4298.97,4298.97,,USD,consumer
ACC-CUST000128-CREDIT_CARD-1,CUST000128,credit,credit card,,5576.3,18500.0,USD,consumer
ACC-CUST000128-CHECKING-2,CUST000128,depository,checking,2455.49,2455.49,,USD,consumer
ACC-CUST000128-CHECKING-3,CUST000128,depository,checking,8016.14,8016.14,,USD,consumer
ACC-CUST000129-CHECKING-1,CUST000129,depository,checking,916.44,916.44,,USD,consumer
ACC-CUST000129-CREDIT_CARD-2,CUST000129,credit,credit card,,1687.46,20000.0,USD,consumer
ACC-CUST000129-CHECKING-3,CUST000129,depository,checking,579.98,579.98,,USD,consumer
ACC-CUST000129-CHECKING-4,CUST000129,depository,checking,792.42,792.42,,USD,consumer
ACC-CUST000130-CREDIT_CARD-1,CUST000130,credit,credit card,,5515.37,18000.0,USD,consumer
ACC-CUST000130-CHECKING-2,CUST000130,depository,checking,8171.99,8171.99,,USD,consumer
ACC-CUST000130-CHECKING-3,CUST000130,depository,checking,3226.36,3226.36,,USD,consumer
ACC-CUST000131-CREDIT_CARD-1,CUST000131,credit,credit card,,9043.27,18500.0,USD,consumer
ACC-CUST000131-CHECKING-2,CUST000131,depository,checking,1830.27,1830.27,,USD,consumer
ACC-CUST000132-CHECKING-1,CUST000132,depository,checking,8074.69,8074.69,,USD,consumer
ACC-CUST000132-CREDIT_CARD-2,CUST000132,credit,credit card,,7294.09,20000.0,USD,consumer
ACC-CUST000132-CHECKING-3,CUST000132,depository,checking,700.87,700.87,,USD,consumer
ACC-CUST000132-CHECKING-4,CUST000132,depository,checking,1027.37,1027.37,,USD,consumer
ACC-CUST000133-CHECKING-1,CUST000133,depository,checking,9753.88,9753.88,,USD,consumer
ACC-CUST000133-CREDIT_CARD-2,CUST000133,credit,credit card,,8858.31,20000.0,USD,consumer
ACC-CUST000133-CHECKING-3,CUST000133,depository,checking,633.87,633.87,,USD,consumer
ACC-CUST000133-CHECKING-4,CUST000133,depository,checking,5086.0,5086.0,,USD,consumer
ACC-CUST000134-CREDIT_CARD-1,CUST000134,credit,credit card,,4482.79,9000.0,USD,consumer
ACC-CUST000135-CHECKING-1,CUST000135,depository,checking,5815.47,5815.47,,USD,consumer
ACC-CUST000135-CREDIT_CARD-2,CUST000135,credit,credit card,,7981.06,19500.0,USD,consumer
ACC-CUST000135-CHECKING-3,CUST000135,depository,checking,9126.44,9126.44,,USD,consumer
ACC-CUST000135-CHECKING-4,CUST000135,depository,checking,3398.69,3398.69,,USD,consumer
ACC-CUST000136-CREDIT_CARD-1,CUST000136,credit,credit card,,1129.06,3000.0,USD,consumer
ACC-CUST000136-CHECKING-2,CUST000136,depository,checking,7965.82,7965.82,,USD,consumer
ACC-CUST000136-CHECKING-3,CUST000136,depository,checking,3690.8,3690.8,,USD,consumer
ACC-CUST000137-CREDIT_CARD-1,CUST000137,credit,credit card,,7043.1,14000.0,USD,consumer
ACC-CUST000137-CHECKING-2,CUST000137,depository,checking,2812.14,2812.14,,USD,consumer
ACC-CUST000138-CREDIT_CARD-1,CUST000138,credit,credit card,,722.66,17000.0,USD,consumer
ACC-CUST000138-CHECKING-2,CUST000138,depository,checking,3249.13,3249.13,,USD,consumer
ACC-CUST000138-CHECKING-3,CUST000138,depository,checking,6180.51,6180.51,,USD,consumer
ACC-CUST000139-CREDIT_CARD-1,CUST000139,credit,credit card,,7462.77,15000.0,USD,consumer
ACC-CUST000139-CHECKING-2,CUST000139,depository,checking,2333.23,2333.23,,USD,consumer
ACC-CUST000139-CHECKING-3,CUST000139,depository,checking,5213.15,5213.15,,USD,consumer
ACC-CUST000140-CHECKING-1,CUST000140,depository,checking,7819.37,7819.37,,USD,consumer
ACC-CUST000140-CREDIT_CARD-2,CUST000140,credit,credit card,,5227.03,18000.0,USD,consumer
ACC-CUST000140-CHECKING-3,CUST000140,depository,checking,822.55,822.55,,USD,consumer
ACC-CUST000140-CHECKING-4,CUST000140,depository,checking,3361.28,3361.28,,USD,consumer
ACC-CUST000141-CHECKING-1,CUST000141,depository,checking,7640.83,7640.83,,USD,consumer
ACC-CUST000141-CREDIT_CARD-2,CUST000141,credit,credit card,,1801.92,19000.0,USD,consumer
ACC-CUST000141-CHECKING-3,CUST000141,depository,checking,8220.8,8220.8,,USD,consumer
ACC-CUST000141-CHECKING-4,CUST000141,depository,checking,9583.45,9583.45,,USD,consumer
ACC-CUST000142-CHECKING-1,CUST000142,depository,checking,4063.18,4063.18,,USD,consumer
ACC-CUST000142-CREDIT_CARD-2,CUST000142,credit,credit card,,3258.52,18500.0,USD,consumer
ACC-CUST000142-CHECKING-3,CUST000142,depository,checking,7722.84,7722.84,,USD,consumer
ACC-CUST000142-CHECKING-4,CUST000142,depository,checking,9239.23,9239.23,,USD,consumer
ACC-CUST000143-CHECKING-1,CUST000143,depository,checking,3436.93,3436.93,,USD,consumer
ACC-CUST000143-CREDIT_CARD-2,CUST000143,credit,credit card,,1514.62,19500.0,USD,consumer
ACC-CUST000143-CHECKING-3,CUST000143,depository,checking,8411.93,8411.93,,USD,consumer
ACC-CUST000143-CHECKING-4,CUST000143,depository,checking,6286.3,6286.3,,USD,consumer
ACC-CUST000144-CHECKING-1,CUST000144,depository,checking,3802.34,3802.34,,USD,consumer
ACC-CUST000144-CREDIT_CARD-2,CUST000144,credit,credit card,,7477.04,19000.0,USD,consumer
ACC-CUST000144-CHECKING-3,CUST000144,depository,checking,6461.94,6461.94,,USD,consumer
ACC-CUST000144-CHECKING-4,CUST000144,depository,checking,7759.62,7759.62,,USD,consumer
ACC-CUST000145-CHECKING-1,CUST000145,depository,checking,4204.22,4204.22,,USD,consumer
ACC-CUST000145-CREDIT_CARD-2,CUST000145,credit,credit card,,6974.7,17000.0,USD,consumer
ACC-CUST000145-CHECKING-3,CUST000145,depository,checking,7338.16,7338.16,,USD,consumer
ACC-CUST000145-CHECKING-4,CUST000145,depository,checking,1592.43,1592.43,,USD,consumer
ACC-CUST000146-CHECKING-1,CUST000146,depository,checking,2335.42,2335.42,,USD,consumer
ACC-CUST000146-CREDIT_CARD-2,CUST000146,credit,credit card,,9449.61,20000.0,USD,consumer
ACC-CUST000146-CHECKING-3,CUST000146,depository,checking,8361.27,8361.27,,USD,consumer
ACC-CUST000146-CHECKING-4,CUST000146,depository,checking,4987.56,4987.56,,USD,consumer
ACC-CUST000147-CHECKING-1,CUST000147,depository,checking,8216.48,8216.48,,USD,consumer
ACC-CUST000147-CREDIT_CARD-2,CUST000147,credit,credit card,,259.21,19500.0,USD,consumer
ACC-CUST000147-CHECKING-3,CUST000147,depository,checking,2307.38,2307.38,,USD,consumer
ACC-CUST000147-CHECKING-4,CUST000147,depository,checking,8111.58,8111.58,,USD,consumer
ACC-CUST000148-CHECKING-1,CUST000148,depository,checking,3877.78,3877.78,,USD,consumer
ACC-CUST000148-CREDIT_CARD-2,CUST000148,credit,credit card,,2086.61,20000.0,USD,consumer
ACC-CUST000148-CHECKING-3,CUST000148,depository,checking,2765.05,2765.05,,USD,consumer
ACC-CUST000148-CHECKING-4,CUST000148,depository,checking,8827.02,8827.02,,USD,consumer
ACC-CUST000149-CHECKING-1,CUST000149,depository,checking,4063.2,4063.2,,USD,consumer
ACC-CUST000149-CREDIT_CARD-2,CUST000149,credit,credit card,,7184.04,19000.0,USD,consumer
ACC-CUST000149-CHECKING-3,CUST000149,depository,checking,1987.18,1987.18,,USD,consumer
ACC-CUST000149-CHECKING-4,CUST000149,depository,checking,6229.78,6229.78,,USD,consumer
ACC-CUST000150-CREDIT_CARD-1,CUST000150,credit,credit card,,7661.97,15500.0,USD,consumer
ACC-CUST000150-CHECKING-2,CUST000150,depository,checking,1192.04,1192.04,,USD,consumer
ACC-CUST000150-CHECKING-3,CUST000150,depository,checking,6418.59,6418.59,,USD,consumer
ACC-CUST000151-CREDIT_CARD-1,CUST000151,credit,credit card,,1832.29,19000.0,USD,consumer
ACC-CUST000151-CHECKING-2,CUST000151,depository,checking,4741.83,4741.83,,USD,consumer
ACC-CUST000151-CHECKING-3,CUST000151,depository,checking,9706.82,9706.82,,USD,consumer
ACC-CUST000152-CHECKING-1,CUST000152,depository,checking,3690.35,3690.35,,USD,consumer
ACC-CUST000152-CREDIT_CARD-2,CUST000152,credit,credit card,,9682.16,20000.0,USD,consumer
ACC-CUST000152-CHECKING-3,CUST000152,depository,checking,463.56,463.56,,USD,consumer
ACC-CUST000152-CHECKING-4,CUST000152,depository,checking,4044.37,4044.37,,USD,consumer
ACC-CUST000153-CHECKING-1,CUST000153,depository,checking,4088.96,4088.96,,USD,consumer
ACC-CUST000153-CREDIT_CARD-2,CUST000153,credit,credit card,,836.7,19500.0,USD,consumer
ACC-CUST000153-CHECKING-3,CUST000153,depository,checking,8976.68,8976.68,,USD,consumer
ACC-CUST000153-CHECKING-4,CUST000153,depository,checking,9626.03,9626.03,,USD,consumer
ACC-CUST000154-CREDIT_CARD-1,CUST000154,credit,credit card,,9287.99,18500.0,USD,consumer
ACC-CUST000154-CHECKING-2,CUST000154,depository,checking,2562.26,2562.26,,USD,consumer
ACC-CUST000155-CHECKING-1,CUST000155,depository,checking,4352.28,4352.28,,USD,consumer
ACC-CUST000155-CREDIT_CARD-2,CUST000155,credit,credit card,,8014.47,18500.0,USD,consumer
ACC-CUST000155-CHECKING-3,CUST000155,depository,checking,1386.17,1386.17,,USD,consumer
ACC-CUST000155-CHECKING-4,CUST000155,depository,checking,2562.6,2562.6,,USD,consumer
ACC-CUST000156-CHECKING-1,CUST000156,depository,checking,282.53,282.53,,USD,consumer
ACC-CUST000156-CREDIT_CARD-2,CUST000156,credit,credit card,,7754.7,18000.0,USD,consumer
ACC-CUST000156-CHECKING-3,CUST000156,depository,checking,3350.86,3350.86,,USD,consumer
ACC-CUST000156-CHECKING-4,CUST000156,depository,checking,4830.32,4830.32,,USD,consumer
ACC-CUST000157-CHECKING-1,CUST000157,depository,checking,3219.97,3219.97,,USD,consumer
ACC-CUST000157-CREDIT_CARD-2,CUST000157,credit,credit card,,9383.2,19000.0,USD,consumer
ACC-CUST000157-CHECKING-3,CUST000157,depository,checking,7315.4,7315.4,,USD,consumer
ACC-CUST000157-CHECKING-4,CUST000157,depository,checking,474.54,474.54,,USD,consumer
ACC-CUST000158-CHECKING-1,CUST000158,depository,checking,1937.06,1937.06,,USD,consumer
ACC-CUST000158-CREDIT_CARD-2,CUST000158,credit,credit card,,9414.31,19000.0,USD,consumer
ACC-CUST000158-CHECKING-3,CUST000158,depository,checking,2291.16,2291.16,,USD,consumer
ACC-CUST000158-CHECKING-4,CUST000158,depository,checking,8658.69,8658.69,,USD,consumer
ACC-CUST000159-CHECKING-1,CUST000159,depository,checking,4181.88,4181.88,,USD,consumer
ACC-CUST000159-CREDIT_CARD-2,CUST000159,credit,credit card,,4988.59,17500.0,USD,consumer
ACC-CUST000159-CHECKING-3,CUST000159,depository,checking,8182.73,8182.73,,USD,consumer
ACC-CUST000159-CHECKING-4,CUST000159,depository,checking,2386.31,2386.31,,USD,consumer
ACC-CUST000160-CHECKING-1,CUST000160,depository,checking,1877.63,1877.63,,USD,consumer
ACC-CUST000160-CREDIT_CARD-2,CUST000160,credit,credit card,,9547.34,19000.0,USD,consumer
ACC-CUST000160-CHECKING-3,CUST000160,depository,checking,5363.07,5363.07,,USD,consumer
ACC-CUST000160-CHECKING-4,CUST000160,depository,checking,354.75,354.75,,USD,consumer
ACC-CUST000161-CREDIT_CARD-1,CUST000161,credit,credit card,,6039.45,18000.0,USD,consumer
ACC-CUST000161-CHECKING-2,CUST000161,depository,checking,6304.99,6304.99,,USD,consumer
ACC-CUST000161-CHECKING-3,CUST000161,depository,checking,8566.7,8566.7,,USD,consumer
ACC-CUST000162-CHECKING-1,CUST000162,depository,checking,4923.25,4923.25,,USD,consumer
ACC-CUST000162-CREDIT_CARD-2,CUST000162,credit,credit card,,5801.95,18000.0,USD,consumer
ACC-CUST000162-CHECKING-3,CUST000162,depository,checking,2268.36,2268.36,,USD,consumer
ACC-CUST000163-CREDIT_CARD-1,CUST000163,credit,credit card,,575.24,12000.0,USD,consumer
ACC-CUST000163-CHECKING-2,CUST000163,depository,checking,5480.19,5480.19,,USD,consumer
ACC-CUST000163-CHECKING-3,CUST000163,depository,checking,9140.66,9140.66,,USD,consumer
ACC-CUST000164-CHECKING-1,CUST000164,depository,checking,765.1,765.1,,USD,consumer
ACC-CUST000164-CREDIT_CARD-2,CUST000164,credit,credit card,,9276.24,19500.0,USD,consumer
ACC-CUST000164-CHECKING-3,CUST000164,depository,checking,473.49,473.49,,USD,consumer
ACC-CUST000164-CHECKING-4,CUST000164,depository,checking,765.07,765.07,,USD,consumer
ACC-CUST000165-CREDIT_CARD-1,CUST000165,credit,credit card,,9128.22,19500.0,USD,consumer
ACC-CUST000165-CHECKING-2,CUST000165,depository,checking,2498.38,2498.38,,USD,consumer
ACC-CUST000166-CREDIT_CARD-1,CUST000166,credit,credit card,,9405.34,19000.0,USD,consumer
ACC-CUST000166-CHECKING-2,CUST000166,depository,checking,2850.47,2850.47,,USD,consumer
ACC-CUST000166-CHECKING-3,CUST000166,depository,checking,545.63,545.63,,USD,consumer
ACC-CUST000167-CREDIT_CARD-1,CUST000167,credit,credit card,,4171.72,8500.0,USD,consumer
ACC-CUST000167-CHECKING-2,CUST000167,depository,checking,1624.27,1624.27,,USD,consumer
ACC-CUST000168-CREDIT_CARD-1,CUST000168,credit,credit card,,8818.97,19500.0,USD,consumer
ACC-CUST000168-CHECKING-2,CUST000168,depository,checking,7783.19,7783.19,,USD,consumer
ACC-CUST000168-CHECKING-3,CUST000168,depository,checking,6432.32,6432.32,,USD,consumer
ACC-CUST000169-CHECKING-1,CUST000169,depository,checking,115.01,115.01,,USD,consumer
ACC-CUST000169-CREDIT_CARD-2,CUST000169,credit,credit card,,8895.39,19000.0,USD,consumer
ACC-CUST000169-CHECKING-3,CUST000169,depository,checking,4665.68,4665.68,,USD,consumer
ACC-CUST000169-CHECKING-4,CUST000169,depository,checking,7608.84,7608.84,,USD,consumer
ACC-CUST000170-CHECKING-1,CUST000170,depository,checking,5139.11,5139.11,,USD,consumer
ACC-CUST000170-CREDIT_CARD-2,CUST000170,credit,credit card,,5522.39,18500.0,USD,consumer
ACC-CUST000170-CHECKING-3,CUST000170,depository,checking,3391.33,3391.33,,USD,consumer
ACC-CUST000170-CHECKING-4,CUST000170,depository,checking,9571.17,9571.17,,USD,consumer
ACC-CUST000171-CREDIT_CARD-1,CUST000171,credit,credit card,,6176.52,15500.0,USD,consumer
ACC-CUST000171-CHECKING-2,CUST000171,depository,checking,2914.57,2914.57,,USD,consumer
ACC-CUST000171-CHECKING-3,CUST000171,depository,checking,8233.05,8233.05,,USD,consumer
ACC-CUST000172-CREDIT_CARD-1,CUST000172,credit,credit card,,6283.9,12500.0,USD,consumer
ACC-CUST000172-CHECKING-2,CUST000172,depository,checking,9231.51,9231.51,,USD,consumer
ACC-CUST000173-CHECKING-1,CUST000173,depository,checking,8455.74,8455.74,,USD,consumer
ACC-CUST000173-CREDIT_CARD-2,CUST000173,credit,credit card,,5888.76,19000.0,USD,consumer
ACC-CUST000173-CHECKING-3,CUST000173,depository,checking,5004.77,5004.77,,USD,consumer
ACC-CUST000173-CHECKING-4,CUST000173,depository,checking,7181.69,7181.69,,USD,consumer
ACC-CUST000174-CHECKING-1,CUST000174,depository,checking,6739.36,6739.36,,USD,consumer
ACC-CUST000174-CREDIT_CARD-2,CUST000174,credit,credit card,,8289.53,16500.0,USD,consumer
ACC-CUST000174-CHECKING-3,CUST000174,depository,checking,8744.39,8744.39,,USD,consumer
ACC-CUST000174-CHECKING-4,CUST000174,depository,checking,5203.68,5203.68,,USD,consumer
ACC-CUST000175-CHECKING-1,CUST000175,depository,checking,5725.68,5725.68,,USD,consumer
ACC-CUST000175-CREDIT_CARD-2,CUST000175,credit,credit card,,6689.56,17500.0,USD,consumer
ACC-CUST000175-CHECKING-3,CUST000175,depository,checking,5739.37,5739.37,,USD,consumer
ACC-CUST000175-CHECKING-4,CUST000175,depository,checking,2405.66,2405.66,,USD,consumer
ACC-CUST000176-CHECKING-1,CUST000176,depository,checking,7118.27,7118.27,,USD,consumer
ACC-CUST000176-CREDIT_CARD-2,CUST000176,credit,credit card,,1971.83,19000.0,USD,consumer
ACC-CUST000176-CHECKING-3,CUST000176,depository,checking,1240.9,1240.9,,USD,consumer
ACC-CUST000176-CHECKING-4,CUST000176,depository,checking,9490.83,9490.83,,USD,consumer
ACC-CUST000177-CHECKING-1,CUST000177,depository,checking,2499.15,2499.15,,USD,consumer
ACC-CUST000177-CREDIT_CARD-2,CUST000177,credit,credit card,,6985.45,19000.0,USD,consumer
ACC-CUST000177-CHECKING-3,CUST000177,depository,checking,4893.97,4893.97,,USD,consumer
ACC-CUST000177-CHECKING-4,CUST000177,depository,checking,6046.3,6046.3,,USD,consumer
ACC-CUST000178-CHECKING-1,CUST000178,depository,checking,6534.8,6534.8,,USD,consumer
ACC-CUST000178-CREDIT_CARD-2,CUST000178,credit,credit card,,4192.63,19000.0,USD,consumer
ACC-CUST000178-CHECKING-3,CUST000178,depository,checking,4513.21,4513.21,,USD,consumer
ACC-CUST000178-CHECKING-4,CUST000178,depository,checking,4032.26,4032.26,,USD,consumer
ACC-CUST000179-CREDIT_CARD-1,CUST000179,credit,credit card,,6048.28,16000.0,USD,consumer
ACC-CUST000179-CHECKING-2,CUST000179,depository,checking,2405.79,2405.79,,USD,consumer
ACC-CUST000179-CHECKING-3,CUST000179,depository,checking,6978.32,6978.32,,USD,consumer
ACC-CUST000180-CREDIT_CARD-1,CUST000180,credit,credit card,,2178.93,4500.0,USD,consumer
ACC-CUST000180-CHECKING-2,CUST000180,depository,checking,9252.15,9252.15,,USD,consumer
ACC-CUST000180-CHECKING-3,CUST000180,depository,checking,2633.45,2633.45,,USD,consumer
ACC-CUST000181-CHECKING-1,CUST000181,depository,checking,3623.07,3623.07,,USD,consumer
ACC-CUST000182-CREDIT_CARD-1,CUST000182,credit,credit card,,6733.26,13500.0,USD,consumer
ACC-CUST000182-CHECKING-2,CUST000182,depository,checking,4052.53,4052.53,,USD,consumer
ACC-CUST000182-CHECKING-3,CUST000182,depository,checking,1949.57,1949.57,,USD,consumer
ACC-CUST000183-CREDIT_CARD-1,CUST000183,credit,credit card,,524.19,18500.0,USD,consumer
ACC-CUST000183-CHECKING-2,CUST000183,depository,checking,231.26,231.26,,USD,consumer
ACC-CUST000183-CHECKING-3,CUST000183,depository,checking,5058.99,5058.99,,USD,consumer
ACC-CUST000184-CREDIT_CARD-1,CUST000184,credit,credit card,,3604.14,18000.0,USD,consumer
ACC-CUST000184-CHECKING-2,CUST000184,depository,checking,5516.74,5516.74,,USD,consumer
ACC-CUST000184-CHECKING-3,CUST000184,depository,checking,3011.6,3011.6,,USD,consumer
ACC-CUST000186-CHECKING-1,CUST000186,depository,checking,2763.62,2763.62,,USD,consumer
ACC-CUST000186-CREDIT_CARD-2,CUST000186,credit,credit card,,4759.18,14500.0,USD,consumer
ACC-CUST000186-CHECKING-3,CUST000186,depository,checking,4643.44,4643.44,,USD,consumer
ACC-CUST000186-CHECKING-4,CUST000186,depository,checking,2231.86,2231.86,,USD,consumer
ACC-CUST000187-CREDIT_CARD-1,CUST000187,credit,credit card,,5622.29,17000.0,USD,consumer
ACC-CUST000187-CHECKING-2,CUST000187,depository,checking,5648.42,5648.42,,USD,consumer
ACC-CUST000187-CHECKING-3,CUST000187,depository,checking,7266.41,7266.41,,USD,consumer
ACC-CUST000188-CREDIT_CARD-1,CUST000188,credit,credit card,,5534.03,16000.0,USD,consumer
ACC-CUST000188-CHECKING-2,CUST000188,depository,checking,6408.79,6408.79,,USD,consumer
ACC-CUST000188-CHECKING-3,CUST000188,depository,checking,7006.34,7006.34,,USD,consumer
ACC-CUST000189-CREDIT_CARD-1,CUST000189,credit,credit card,,5867.15,14500.0,USD,consumer
ACC-CUST000189-CHECKING-2,CUST000189,depository,checking,3170.89,3170.89,,USD,consumer
ACC-CUST000190-CHECKING-1,CUST000190,depository,checking,975.34,975.34,,USD,consumer
ACC-CUST000190-CREDIT_CARD-2,CUST000190,credit,credit card,,3231.9,17500.0,USD,consumer
ACC-CUST000190-CHECKING-3,CUST000190,depository,checking,9418.99,9418.99,,USD,consumer
ACC-CUST000190-CHECKING-4,CUST000190,depository,checking,3744.24,3744.24,,USD,consumer
ACC-CUST000191-CHECKING-1,CUST000191,depository,checking,7690.59,7690.59,,USD,consumer
ACC-CUST000191-CREDIT_CARD-2,CUST000191,credit,credit card,,4449.4,20000.0,USD,consumer
ACC-CUST000191-CHECKING-3,CUST000191,depository,checking,8282.82,8282.82,,USD,consumer
ACC-CUST000191-CHECKING-4,CUST000191,depository,checking,506.9,506.9,,USD,consumer
ACC-CUST000192-CREDIT_CARD-1,CUST000192,credit,credit card,,3495.36,7000.0,USD,consumer
ACC-CUST000192-CHECKING-2,CUST000192,depository,checking,1813.74,1813.74,,USD,consumer
ACC-CUST000193-CREDIT_CARD-1,CUST000193,credit,credit card,,4771.73,18500.0,USD,consumer
ACC-CUST000193-CHECKING-2,CUST000193,depository,checking,8477.76,8477.76,,USD,consumer
ACC-CUST000193-CHECKING-3,CUST000193,depository,checking,1778.11,1778.11,,USD,consumer
ACC-CUST000194-CHECKING-1,CUST000194,depository,checking,5892.66,5892.66,,USD,consumer
ACC-CUST000194-CREDIT_CARD-2,CUST000194,credit,credit card,,7841.19,15500.0,USD,consumer
ACC-CUST000194-CHECKING-3,CUST000194,depository,checking,2171.47,2171.47,,USD,consumer
ACC-CUST000194-CHECKING-4,CUST000194,depository,checking,5300.54,5300.54,,USD,consumer
ACC-CUST000195-CHECKING-1,CUST000195,depository,checking,2320.32,2320.32,,USD,consumer
ACC-CUST000195-CREDIT_CARD-2,CUST000195,credit,credit card,,6255.16,12500.0,USD,consumer
ACC-CUST000195-CHECKING-3,CUST000195,depository,checking,5127.94,5127.94,,USD,consumer
ACC-CUST000196-CHECKING-1,CUST000196,depository,checking,7330.75,7330.75,,USD,consumer
ACC-CUST000196-CREDIT_CARD-2,CUST000196,credit,credit card,,2481.36,18000.0,USD,consumer
ACC-CUST000196-CHECKING-3,CUST000196,depository,checking,6349.24,6349.24,,USD,consumer
ACC-CUST000196-CHECKING-4,CUST000196,depository,checking,9673.74,9673.74,,USD,consumer
ACC-CUST000197-CHECKING-1,CUST000197,depository,checking,818.27,818.27,,USD,consumer
ACC-CUST000197-CREDIT_CARD-2,CUST000197,credit,credit card,,6925.23,20000.0,USD,consumer
ACC-CUST000197-CHECKING-3,CUST000197,depository,checking,6622.75,6622.75,,USD,consumer
ACC-CUST000197-CHECKING-4,CUST000197,depository,checking,591.3,591.3,,USD,consumer
ACC-CUST000198-CHECKING-1,CUST000198,depository,checking,1049.5,1049.5,,USD,consumer
ACC-CUST000198-CREDIT_CARD-2,CUST000198,credit,credit card,,7552.98,18000.0,USD,consumer
ACC-CUST000198-CHECKING-3,CUST000198,depository,checking,7630.01,7630.01,,USD,consumer
ACC-CUST000198-CHECKING-4,CUST000198,depository,checking,1251.73,1251.73,,USD,consumer
ACC-CUST000199-CREDIT_CARD-1,CUST000199,credit,credit card,,2563.14,17500.0,USD,consumer
ACC-CUST000199-CHECKING-2,CUST000199,depository,checking,7425.61,7425.61,,USD,consumer
ACC-CUST000199-CHECKING-3,CUST000199,depository,checking,2305.24,2305.24,,USD,consumer
ACC-CUST000200-CHECKING-1,CUST000200,depository,checking,3526.84,3526.84,,USD,consumer
ACC-CUST000200-CREDIT_CARD-2,CUST000200,credit,credit card,,3551.28,17000.0,USD,consumer
ACC-CUST000200-CHECKING-3,CUST000200,depository,checking,5271.79,5271.79,,USD,consumer
ACC-CUST000200-CHECKING-4,CUST000200,depository,checking,4532.69,4532.69,,USD,consumer
